{
    "P001": {
        "dataset_approval": 1693727462.7859871,
        "usecase_doc_approval": 1693732022.6102788,
        "feature_list_doc_approval": 1693765690.8340118,
        "datagen_code_approval": 1693805300.675701,
        "rf_code_approval": 1693815644.4579654
    }
}